{
 "actions": [],
 "allow_rename": 1,
 "creation": "2023-04-25 15:41:23.068870",
 "default_view": "List",
 "doctype": "DocType",
 "editable_grid": 1,
 "engine": "InnoDB",
 "field_order": [
  "schedule",
  "meeting_room"
 ],
 "fields": [
  {
   "fieldname": "schedule",
   "fieldtype": "Link",
   "in_list_view": 1,
   "label": "Schedule",
   "options": "Lawyer Schedule",
   "reqd": 1
  },
  {
   "fieldname": "meeting_room",
   "fieldtype": "Link",
   "in_list_view": 1,
   "label": "Meeting Room",
   "options": "Meeting Room"
  }
 ],
 "index_web_pages_for_search": 1,
 "istable": 1,
 "links": [],
 "modified": "2023-04-25 15:41:23.068870",
 "modified_by": "Administrator",
 "module": "Case Central",
 "name": "Meeting Room Schedule",
 "owner": "Administrator",
 "permissions": [],
 "sort_field": "modified",
 "sort_order": "DESC",
 "states": []
}