[
 {
  "docstatus": 0,
  "doctype": "Client Script",
  "dt": "Customer",
  "enabled": 1,
  "modified": "2023-07-18 15:27:18.159750",
  "module": "Case Central",
  "name": "Duplicate Contact Check",
  "script": "frappe.ui.form.on('Customer', {\n\trefresh(frm) {\n\t\t// your code here\n\t},\n\tvalidate: async (frm) => {\n\t    if (!frm.is_new())\n\t        return;\n\t        \n\t\tlet exist;\n\t\tfrappe.call({\n\t\t\tasync: false,\n\t\t\tmethod: \"frappe.client.get\",\n\t\t\targs: {\n\t\t\t\t\"doctype\": \"Customer\",\n\t\t\t\t\"filters\": {\"mobile_no\": frm.doc.contact_no}\n\t\t\t},\n\t\t\tcallback: function (r) {\n\t\t\t\tif(r.message){\n\t\t\t\t    console.log(r.message);\n\t\t\t\t    exist = true;\n\t\t\t\t}\n\t\t\t}\n\t\t});\n\t\t\n\t\tif (exist) {\n\t\t    let prompt = new Promise((resolve, reject) => {\n                frappe.confirm('Duplicate contact no. Do you want to continue?',\n                    () => resolve(),\n                    () => reject()\n                );\n            });\n            await prompt.then(\n                () => frappe.show_alert(\"Customer Created\"),\n                () => {\n                    frappe.validated = false;\n                }\n            );\n\t\t}\n\t},\n});",
  "view": "Form"
 },
 {
  "docstatus": 0,
  "doctype": "Client Script",
  "dt": "Matter",
  "enabled": 1,
  "modified": "2023-01-10 11:40:42.630798",
  "module": null,
  "name": "Remove Referral from Client",
  "script": "frappe.ui.form.on('Matter', {\n\trefresh(frm) {\n\t\tif(frm.doc.client == frm.doc.referred_by) {\n\t\t    frm.set_value('referred_by', '');\n\t\t}\n\t}\n})",
  "view": "Form"
 },
 {
  "docstatus": 0,
  "doctype": "Client Script",
  "dt": "Quality Review",
  "enabled": 1,
  "modified": "2023-06-05 17:17:58.829709",
  "module": null,
  "name": "Quality Review",
  "script": "frappe.ui.form.on('Quality Review', {\n\trefresh(frm) {\n\t\tfrm.set_query('goal', () => {\n\t\t    return {\n\t\t\t\tfilters: {\n\t\t\t\t\t'service': frm.doc.service\n\t\t\t\t}\n\t\t\t};\n\t\t});\n\t}\n});",
  "view": "Form"
 },
 {
  "docstatus": 0,
  "doctype": "Client Script",
  "dt": "Task",
  "enabled": 1,
  "modified": "2023-07-04 14:43:07.678095",
  "module": null,
  "name": "Task",
  "script": "frappe.ui.form.on('Task', {\n\trefresh(frm) {\n        if(frm.doc.matter) {\n            frappe.db.get_value('Matter', frm.doc.matter, 'matter_type', (r) => {\n                frm.set_query('type', () => {\n                    return {\n                        filters: {\n                            'matter_type': r.matter_type\n                        }\n                    };\n                });\n            });   \n        }\n\t},\n\ttype: function(frm) {\n        frappe.db.get_value('Task Type', frm.doc.type, 'description', (r) => {\n            if (r && r.description) {\n                frm.set_value('subject', r.description);\n            }\n        });\n\t}\n});",
  "view": "Form"
 },
 {
  "docstatus": 0,
  "doctype": "Client Script",
  "dt": "Timesheet",
  "enabled": 1,
  "modified": "2023-08-29 21:46:10.078195",
  "module": "Case Central",
  "name": "Timsheet",
  "script": "frappe.ui.form.on('Timesheet', {\n\trefresh(frm) {\n\t\tfrm.set_query('matter', () => {\n\t\t\tif (frm.doc.customer) {\n\t\t\t\treturn {\n\t\t\t\t\tfilters: { 'customer': frm.doc.customer }\n\t\t\t\t};\n\t\t\t}\n\t\t});\n\n\t\tfrm.set_query('case', () => {\n\t\t\tif (frm.doc.customer) {\n\t\t\t\treturn {\n\t\t\t\t\tfilters: { 'customer': frm.doc.customer }\n\t\t\t\t};\n\t\t\t}\n\t\t});\n\t}\n});",
  "view": "Form"
 },
 {
  "docstatus": 0,
  "doctype": "Client Script",
  "dt": "Issue",
  "enabled": 1,
  "modified": "2023-10-17 16:46:45.805118",
  "module": null,
  "name": "Issue",
  "script": "frappe.ui.form.on('Issue', {\n\trefresh(frm) {\n\t\tfrm.set_query(\"custom_matter\", () => {\n\t\t    if(frm.doc.customer) {\n\t\t        return {\n\t\t\t\t\tfilters: {\n\t\t\t\t\t\t'customer': frm.doc.customer\n\t\t\t\t\t}\n\t\t\t\t};\n\t\t    }\n\t\t});\n\t},\n\tissue_type: function(frm) {\n        if (!frm.doc.subject) {\n            frm.set_value(\"subject\", frm.doc.issue_type);\n        }\n    }\n});",
  "view": "Form"
 }
]