[
 {
  "default_value": null,
  "doc_type": "Task Type",
  "docstatus": 0,
  "doctype": "Property Setter",
  "doctype_or_field": "DocField",
  "field_name": "description",
  "is_system_generated": 0,
  "modified": "2023-07-04 13:40:48.352607",
  "module": null,
  "name": "Task Type-description-in_list_view",
  "property": "in_list_view",
  "property_type": "Check",
  "row_name": null,
  "value": "1"
 },
 {
  "default_value": null,
  "doc_type": "Task Type",
  "docstatus": 0,
  "doctype": "Property Setter",
  "doctype_or_field": "DocField",
  "field_name": "description",
  "is_system_generated": 0,
  "modified": "2023-07-04 13:40:48.418593",
  "module": null,
  "name": "Task Type-description-in_standard_filter",
  "property": "in_standard_filter",
  "property_type": "Check",
  "row_name": null,
  "value": "1"
 },
 {
  "default_value": null,
  "doc_type": "Task Type",
  "docstatus": 0,
  "doctype": "Property Setter",
  "doctype_or_field": "DocType",
  "field_name": null,
  "is_system_generated": 0,
  "modified": "2023-07-04 14:31:05.179166",
  "module": null,
  "name": "Task Type-main-title_field",
  "property": "title_field",
  "property_type": "Data",
  "row_name": null,
  "value": "description"
 },
 {
  "default_value": null,
  "doc_type": "Task Type",
  "docstatus": 0,
  "doctype": "Property Setter",
  "doctype_or_field": "DocType",
  "field_name": null,
  "is_system_generated": 0,
  "modified": "2023-07-04 14:31:05.365163",
  "module": null,
  "name": "Task Type-main-show_title_field_in_link",
  "property": "show_title_field_in_link",
  "property_type": "Check",
  "row_name": null,
  "value": "1"
 },
 {
  "default_value": null,
  "doc_type": "Task",
  "docstatus": 0,
  "doctype": "Property Setter",
  "doctype_or_field": "DocField",
  "field_name": "type",
  "is_system_generated": 0,
  "modified": "2023-07-04 14:33:54.645260",
  "module": null,
  "name": "Task-type-allow_in_quick_entry",
  "property": "allow_in_quick_entry",
  "property_type": "Check",
  "row_name": null,
  "value": "1"
 },
 {
  "default_value": null,
  "doc_type": "Task",
  "docstatus": 0,
  "doctype": "Property Setter",
  "doctype_or_field": "DocField",
  "field_name": "is_milestone",
  "is_system_generated": 0,
  "modified": "2023-01-01 21:10:40.722996",
  "module": null,
  "name": "Task-is_milestone-in_list_view",
  "property": "in_list_view",
  "property_type": "Check",
  "row_name": null,
  "value": "0"
 },
 {
  "default_value": null,
  "doc_type": "Task",
  "docstatus": 0,
  "doctype": "Property Setter",
  "doctype_or_field": "DocType",
  "field_name": null,
  "is_system_generated": 0,
  "modified": "2023-01-01 21:16:04.867510",
  "module": null,
  "name": "Task-main-quick_entry",
  "property": "quick_entry",
  "property_type": "Check",
  "row_name": null,
  "value": "1"
 },
 {
  "default_value": null,
  "doc_type": "Task",
  "docstatus": 0,
  "doctype": "Property Setter",
  "doctype_or_field": "DocField",
  "field_name": "subject",
  "is_system_generated": 0,
  "modified": "2023-01-01 21:16:04.934706",
  "module": null,
  "name": "Task-subject-allow_in_quick_entry",
  "property": "allow_in_quick_entry",
  "property_type": "Check",
  "row_name": null,
  "value": "1"
 },
 {
  "default_value": null,
  "doc_type": "Task",
  "docstatus": 0,
  "doctype": "Property Setter",
  "doctype_or_field": "DocField",
  "field_name": "status",
  "is_system_generated": 0,
  "modified": "2023-01-01 21:16:04.985873",
  "module": null,
  "name": "Task-status-allow_in_quick_entry",
  "property": "allow_in_quick_entry",
  "property_type": "Check",
  "row_name": null,
  "value": "1"
 },
 {
  "default_value": null,
  "doc_type": "Task",
  "docstatus": 0,
  "doctype": "Property Setter",
  "doctype_or_field": "DocField",
  "field_name": "is_group",
  "is_system_generated": 0,
  "modified": "2023-01-07 17:33:54.350727",
  "module": null,
  "name": "Task-is_group-bold",
  "property": "bold",
  "property_type": "Check",
  "row_name": null,
  "value": "0"
 },
 {
  "default_value": null,
  "doc_type": "Task",
  "docstatus": 0,
  "doctype": "Property Setter",
  "doctype_or_field": "DocField",
  "field_name": "parent_task",
  "is_system_generated": 0,
  "modified": "2023-01-07 17:33:54.422476",
  "module": null,
  "name": "Task-parent_task-bold",
  "property": "bold",
  "property_type": "Check",
  "row_name": null,
  "value": "0"
 },
 {
  "default_value": null,
  "doc_type": "Task",
  "docstatus": 0,
  "doctype": "Property Setter",
  "doctype_or_field": "DocField",
  "field_name": "project",
  "is_system_generated": 0,
  "modified": "2022-12-30 19:20:41.778215",
  "module": null,
  "name": "Task-project-hidden",
  "property": "hidden",
  "property_type": "Check",
  "row_name": null,
  "value": "1"
 },
 {
  "default_value": null,
  "doc_type": "Task",
  "docstatus": 0,
  "doctype": "Property Setter",
  "doctype_or_field": "DocField",
  "field_name": "issue",
  "is_system_generated": 0,
  "modified": "2022-12-30 19:20:41.867090",
  "module": null,
  "name": "Task-issue-hidden",
  "property": "hidden",
  "property_type": "Check",
  "row_name": null,
  "value": "1"
 },
 {
  "default_value": null,
  "doc_type": "Task",
  "docstatus": 0,
  "doctype": "Property Setter",
  "doctype_or_field": "DocField",
  "field_name": "task_weight",
  "is_system_generated": 0,
  "modified": "2022-12-30 19:20:41.910346",
  "module": null,
  "name": "Task-task_weight-hidden",
  "property": "hidden",
  "property_type": "Check",
  "row_name": null,
  "value": "1"
 },
 {
  "default_value": null,
  "doc_type": "Task",
  "docstatus": 0,
  "doctype": "Property Setter",
  "doctype_or_field": "DocField",
  "field_name": "sb_depends_on",
  "is_system_generated": 0,
  "modified": "2022-12-30 19:20:41.953881",
  "module": null,
  "name": "Task-sb_depends_on-hidden",
  "property": "hidden",
  "property_type": "Check",
  "row_name": null,
  "value": "1"
 },
 {
  "default_value": null,
  "doc_type": "Task",
  "docstatus": 0,
  "doctype": "Property Setter",
  "doctype_or_field": "DocField",
  "field_name": "sb_costing",
  "is_system_generated": 0,
  "modified": "2022-12-30 19:20:42.004145",
  "module": null,
  "name": "Task-sb_costing-hidden",
  "property": "hidden",
  "property_type": "Check",
  "row_name": null,
  "value": "1"
 },
 {
  "default_value": null,
  "doc_type": "Customer",
  "docstatus": 0,
  "doctype": "Property Setter",
  "doctype_or_field": "DocField",
  "field_name": "lead_name",
  "is_system_generated": 0,
  "modified": "2022-12-31 19:09:05.030734",
  "module": null,
  "name": "Customer-lead_name-hidden",
  "property": "hidden",
  "property_type": "Check",
  "row_name": null,
  "value": "1"
 },
 {
  "default_value": null,
  "doc_type": "Customer",
  "docstatus": 0,
  "doctype": "Property Setter",
  "doctype_or_field": "DocField",
  "field_name": "opportunity_name",
  "is_system_generated": 0,
  "modified": "2022-12-31 19:09:05.215839",
  "module": null,
  "name": "Customer-opportunity_name-hidden",
  "property": "hidden",
  "property_type": "Check",
  "row_name": null,
  "value": "1"
 },
 {
  "default_value": null,
  "doc_type": "Customer",
  "docstatus": 0,
  "doctype": "Property Setter",
  "doctype_or_field": "DocField",
  "field_name": "customer_type",
  "is_system_generated": 0,
  "modified": "2022-12-31 19:10:50.679375",
  "module": null,
  "name": "Customer-customer_type-default",
  "property": "default",
  "property_type": "Text",
  "row_name": null,
  "value": "Individual"
 },
 {
  "default_value": null,
  "doc_type": "Customer",
  "docstatus": 0,
  "doctype": "Property Setter",
  "doctype_or_field": "DocType",
  "field_name": null,
  "is_system_generated": 0,
  "modified": "2023-07-18 17:10:18.342809",
  "module": null,
  "name": "Customer-main-search_fields",
  "property": "search_fields",
  "property_type": "Data",
  "row_name": null,
  "value": "customer_name,mobile_no,primary_address"
 },
 {
  "default_value": null,
  "doc_type": "Task",
  "docstatus": 0,
  "doctype": "Property Setter",
  "doctype_or_field": "DocField",
  "field_name": "project",
  "is_system_generated": 0,
  "modified": "2023-01-01 21:06:09.955152",
  "module": null,
  "name": "Task-project-in_list_view",
  "property": "in_list_view",
  "property_type": "Check",
  "row_name": null,
  "value": "0"
 },
 {
  "default_value": null,
  "doc_type": "Task",
  "docstatus": 0,
  "doctype": "Property Setter",
  "doctype_or_field": "DocField",
  "field_name": "project",
  "is_system_generated": 0,
  "modified": "2023-01-01 21:06:10.038057",
  "module": null,
  "name": "Task-project-in_standard_filter",
  "property": "in_standard_filter",
  "property_type": "Check",
  "row_name": null,
  "value": "0"
 },
 {
  "default_value": null,
  "doc_type": "Task",
  "docstatus": 0,
  "doctype": "Property Setter",
  "doctype_or_field": "DocField",
  "field_name": "is_group",
  "is_system_generated": 0,
  "modified": "2023-01-01 21:06:10.086005",
  "module": null,
  "name": "Task-is_group-in_list_view",
  "property": "in_list_view",
  "property_type": "Check",
  "row_name": null,
  "value": "0"
 },
 {
  "default_value": null,
  "doc_type": "Task",
  "docstatus": 0,
  "doctype": "Property Setter",
  "doctype_or_field": "DocField",
  "field_name": "priority",
  "is_system_generated": 0,
  "modified": "2023-01-07 21:07:27.216284",
  "module": null,
  "name": "Task-priority-allow_in_quick_entry",
  "property": "allow_in_quick_entry",
  "property_type": "Check",
  "row_name": null,
  "value": "1"
 },
 {
  "default_value": null,
  "doc_type": "Task Type",
  "docstatus": 0,
  "doctype": "Property Setter",
  "doctype_or_field": "DocType",
  "field_name": null,
  "is_system_generated": 0,
  "modified": "2023-07-04 13:19:41.257996",
  "module": null,
  "name": "Task Type-main-naming_rule",
  "property": "naming_rule",
  "property_type": "Data",
  "row_name": null,
  "value": "By \"Naming Series\" field"
 },
 {
  "default_value": null,
  "doc_type": "Task Type",
  "docstatus": 0,
  "doctype": "Property Setter",
  "doctype_or_field": "DocType",
  "field_name": null,
  "is_system_generated": 0,
  "modified": "2023-07-04 13:19:41.312066",
  "module": null,
  "name": "Task Type-main-autoname",
  "property": "autoname",
  "property_type": "Data",
  "row_name": null,
  "value": "naming_series:"
 },
 {
  "default_value": null,
  "doc_type": "Task",
  "docstatus": 0,
  "doctype": "Property Setter",
  "doctype_or_field": "DocField",
  "field_name": "type",
  "is_system_generated": 0,
  "modified": "2023-07-04 19:35:08.379565",
  "module": null,
  "name": "Task-type-in_standard_filter",
  "property": "in_standard_filter",
  "property_type": "Check",
  "row_name": null,
  "value": "1"
 },
 {
  "default_value": null,
  "doc_type": "Task Type",
  "docstatus": 0,
  "doctype": "Property Setter",
  "doctype_or_field": "DocType",
  "field_name": null,
  "is_system_generated": 0,
  "modified": "2023-07-04 19:36:46.359349",
  "module": null,
  "name": "Task Type-main-search_fields",
  "property": "search_fields",
  "property_type": "Data",
  "row_name": null,
  "value": "matter_type"
 },
 {
  "default_value": null,
  "doc_type": "Issue",
  "docstatus": 0,
  "doctype": "Property Setter",
  "doctype_or_field": "DocField",
  "field_name": "customer",
  "is_system_generated": 0,
  "modified": "2023-10-17 16:29:52.395410",
  "module": null,
  "name": "Issue-customer-fetch_from",
  "property": "fetch_from",
  "property_type": "Small Text",
  "row_name": null,
  "value": "custom_matter.customer"
 },
 {
  "default_value": null,
  "doc_type": "Customer",
  "docstatus": 0,
  "doctype": "Property Setter",
  "doctype_or_field": "DocType",
  "field_name": null,
  "is_system_generated": 0,
  "modified": "2023-10-17 16:31:50.988148",
  "module": null,
  "name": "Customer-main-field_order",
  "property": "field_order",
  "property_type": "Data",
  "row_name": null,
  "value": "[\"basic_info\", \"naming_series\", \"salutation\", \"customer_name\", \"contact_no\", \"contact_email\", \"customer_type\", \"customer_group\", \"column_break0\", \"territory\", \"gender\", \"lead_name\", \"opportunity_name\", \"account_manager\", \"image\", \"defaults_tab\", \"default_price_list\", \"default_bank_account\", \"column_break_14\", \"default_currency\", \"internal_customer_section\", \"is_internal_customer\", \"represents_company\", \"column_break_70\", \"companies\", \"more_info\", \"market_segment\", \"industry\", \"customer_pos_id\", \"website\", \"language\", \"column_break_45\", \"customer_details\", \"dashboard_tab\", \"contact_and_address_tab\", \"address_contacts\", \"address_html\", \"column_break1\", \"contact_html\", \"primary_address_and_contact_detail\", \"customer_primary_contact\", \"mobile_no\", \"email_id\", \"column_break_26\", \"customer_primary_address\", \"primary_address\", \"tax_tab\", \"taxation_section\", \"tax_id\", \"column_break_21\", \"tax_category\", \"tax_withholding_category\", \"tax_details_section\", \"gstin\", \"pan\", \"tax_details_column_break\", \"gst_category\", \"accounting_tab\", \"credit_limit_section\", \"payment_terms\", \"credit_limits\", \"default_receivable_accounts\", \"accounts\", \"loyalty_points_tab\", \"loyalty_program\", \"column_break_54\", \"loyalty_program_tier\", \"sales_team_tab\", \"sales_team\", \"sales_team_section\", \"default_sales_partner\", \"column_break_66\", \"default_commission_rate\", \"settings_tab\", \"so_required\", \"dn_required\", \"column_break_53\", \"is_frozen\", \"disabled\"]"
 },
 {
  "default_value": null,
  "doc_type": "Customer",
  "docstatus": 0,
  "doctype": "Property Setter",
  "doctype_or_field": "DocType",
  "field_name": null,
  "is_system_generated": 0,
  "modified": "2023-10-17 16:31:51.301932",
  "module": null,
  "name": "Customer-main-links_order",
  "property": "links_order",
  "property_type": "Small Text",
  "row_name": null,
  "value": "[\"88ee178ee8\", \"1c8a73b1a4\", \"d627a0a01d\", \"053a9d4586\", \"3ae71c15c7\", \"6af6bd30a6\"]"
 },
 {
  "default_value": null,
  "doc_type": "Issue",
  "docstatus": 0,
  "doctype": "Property Setter",
  "doctype_or_field": "DocType",
  "field_name": null,
  "is_system_generated": 0,
  "modified": "2023-10-17 16:54:54.041579",
  "module": null,
  "name": "Issue-main-field_order",
  "property": "field_order",
  "property_type": "Data",
  "row_name": null,
  "value": "[\"subject_section\", \"naming_series\", \"custom_matter\", \"custom_service\", \"subject\", \"customer\", \"raised_by\", \"cb00\", \"status\", \"priority\", \"issue_type\", \"issue_split_from\", \"custom_contact_no\", \"sb_details\", \"description\", \"service_level_section\", \"service_level_agreement\", \"response_by\", \"reset_service_level_agreement\", \"cb\", \"agreement_status\", \"resolution_by\", \"service_level_agreement_creation\", \"on_hold_since\", \"total_hold_time\", \"response\", \"first_response_time\", \"first_responded_on\", \"column_break_26\", \"avg_response_time\", \"section_break_19\", \"resolution_details\", \"column_break1\", \"opening_date\", \"opening_time\", \"resolution_date\", \"resolution_time\", \"user_resolution_time\", \"additional_info\", \"lead\", \"contact\", \"email_account\", \"column_break_16\", \"customer_name\", \"project\", \"company\", \"via_customer_portal\", \"attachment\", \"content_type\"]"
 },
 {
  "default_value": null,
  "doc_type": "Issue",
  "docstatus": 0,
  "doctype": "Property Setter",
  "doctype_or_field": "DocField",
  "field_name": "raised_by",
  "is_system_generated": 0,
  "modified": "2023-10-17 16:54:54.183124",
  "module": null,
  "name": "Issue-raised_by-fetch_if_empty",
  "property": "fetch_if_empty",
  "property_type": "Check",
  "row_name": null,
  "value": "1"
 }
]