{
 "actions": [],
 "allow_rename": 1,
 "creation": "2024-06-25 15:08:00.153179",
 "doctype": "DocType",
 "editable_grid": 1,
 "engine": "InnoDB",
 "field_order": [
  "rank_of_party",
  "party_name",
  "address",
  "advocate"
 ],
 "fields": [
  {
   "columns": 1,
   "fieldname": "rank_of_party",
   "fieldtype": "Data",
   "in_list_view": 1,
   "label": "Rank of Party"
  },
  {
   "fieldname": "party_name",
   "fieldtype": "Data",
   "in_list_view": 1,
   "label": "Party Name"
  },
  {
   "fieldname": "address",
   "fieldtype": "Small Text",
   "in_list_view": 1,
   "label": "Address"
  },
  {
   "fieldname": "advocate",
   "fieldtype": "Link",
   "in_list_view": 1,
   "label": "Advocate",
   "options": "Customer"
  }
 ],
 "index_web_pages_for_search": 1,
 "istable": 1,
 "links": [],
 "modified": "2024-06-25 15:11:14.677186",
 "modified_by": "Administrator",
 "module": "Case Central",
 "name": "Case Party",
 "owner": "Administrator",
 "permissions": [],
 "sort_field": "modified",
 "sort_order": "DESC",
 "states": []
}