{
 "aggregate_function_based_on": "",
 "creation": "2023-01-07 12:17:53.604049",
 "docstatus": 0,
 "doctype": "Number Card",
 "document_type": "Customer",
 "dynamic_filters_json": "[]",
 "filters_json": "[[\"Customer\",\"disabled\",\"=\",0,false]]",
 "function": "Count",
 "idx": 0,
 "is_public": 0,
 "is_standard": 1,
 "label": "Clients",
 "modified": "2023-01-07 12:17:53.604049",
 "modified_by": "Administrator",
 "module": "Case Central",
 "name": "Clients",
 "owner": "Administrator",
 "parent_document_type": "",
 "report_function": "Sum",
 "show_percentage_stats": 1,
 "stats_time_interval": "Monthly",
 "type": "Document Type"
}