{
 "chart_name": "Task Summary",
 "chart_type": "Group By",
 "creation": "2023-01-07 15:44:52.059467",
 "docstatus": 0,
 "doctype": "Dashboard Chart",
 "document_type": "Task",
 "dynamic_filters_json": "",
 "filters_json": "[]",
 "group_by_based_on": "status",
 "group_by_type": "Count",
 "idx": 0,
 "is_public": 1,
 "is_standard": 1,
 "last_synced_on": "2023-01-10 12:06:35.180645",
 "modified": "2023-01-10 12:08:32.590532",
 "modified_by": "Administrator",
 "module": "Case Central",
 "name": "Task Summary",
 "number_of_groups": 0,
 "owner": "Administrator",
 "roles": [],
 "time_interval": "Monthly",
 "timeseries": 0,
 "timespan": "Last Year",
 "type": "Donut",
 "use_report_chart": 0,
 "y_axis": []
}