{
 "charts": [],
 "content": "[{\"id\":\"zkQlSSmwUA\",\"type\":\"header\",\"data\":{\"text\":\"<span class=\\\"h4\\\">Case Central</span>\",\"col\":12}},{\"id\":\"DWgn1wYllm\",\"type\":\"shortcut\",\"data\":{\"shortcut_name\":\"Customer\",\"col\":3}},{\"id\":\"PAyPv1xREA\",\"type\":\"shortcut\",\"data\":{\"shortcut_name\":\"Matter\",\"col\":3}},{\"id\":\"Bf8EmZW4X1\",\"type\":\"shortcut\",\"data\":{\"shortcut_name\":\"Case\",\"col\":3}},{\"id\":\"RfdbBJE5--\",\"type\":\"shortcut\",\"data\":{\"shortcut_name\":\"Caveat\",\"col\":3}},{\"id\":\"Uk5zrabl7W\",\"type\":\"shortcut\",\"data\":{\"shortcut_name\":\"Task\",\"col\":3}},{\"id\":\"8Gw3-JUC-s\",\"type\":\"shortcut\",\"data\":{\"shortcut_name\":\"Dashboard\",\"col\":3}},{\"id\":\"CffZAne9zA\",\"type\":\"spacer\",\"data\":{\"col\":12}},{\"id\":\"r84gKKGl3v\",\"type\":\"card\",\"data\":{\"card_name\":\"Matter Management\",\"col\":4}},{\"id\":\"IAqlYA_j7W\",\"type\":\"card\",\"data\":{\"card_name\":\"Case Management\",\"col\":4}},{\"id\":\"pGvcbAvNtp\",\"type\":\"card\",\"data\":{\"card_name\":\"Appointments\",\"col\":4}},{\"id\":\"vo9eEh5vWO\",\"type\":\"card\",\"data\":{\"card_name\":\"Operations\",\"col\":4}},{\"id\":\"CLmoYTPsPU\",\"type\":\"card\",\"data\":{\"card_name\":\"Quality Management\",\"col\":4}},{\"id\":\"RQvtolJSLV\",\"type\":\"card\",\"data\":{\"card_name\":\"Books and Journals\",\"col\":4}},{\"id\":\"k-bGe7ImE9\",\"type\":\"card\",\"data\":{\"card_name\":\"Masters\",\"col\":4}},{\"id\":\"RxQvZZH7ME\",\"type\":\"card\",\"data\":{\"card_name\":\"Setup\",\"col\":4}},{\"id\":\"2phxWUdck8\",\"type\":\"card\",\"data\":{\"card_name\":\"Reports\",\"col\":4}}]",
 "creation": "2022-12-27 17:17:22.857757",
 "custom_blocks": [],
 "docstatus": 0,
 "doctype": "Workspace",
 "for_user": "",
 "hide_custom": 0,
 "icon": "projects",
 "idx": 0,
 "is_hidden": 0,
 "label": "Case Central",
 "links": [
  {
   "hidden": 0,
   "is_query_report": 0,
   "label": "Matter Management",
   "link_count": 4,
   "onboard": 0,
   "type": "Card Break"
  },
  {
   "hidden": 0,
   "is_query_report": 0,
   "label": "Client",
   "link_count": 0,
   "link_to": "Customer",
   "link_type": "DocType",
   "onboard": 0,
   "type": "Link"
  },
  {
   "hidden": 0,
   "is_query_report": 0,
   "label": "Matter",
   "link_count": 0,
   "link_to": "Matter",
   "link_type": "DocType",
   "onboard": 0,
   "type": "Link"
  },
  {
   "hidden": 0,
   "is_query_report": 0,
   "label": "Task",
   "link_count": 0,
   "link_to": "Task",
   "link_type": "DocType",
   "onboard": 0,
   "type": "Link"
  },
  {
   "hidden": 0,
   "is_query_report": 0,
   "label": "Legal Service Entry",
   "link_count": 0,
   "link_to": "Legal Service Entry",
   "link_type": "DocType",
   "onboard": 0,
   "type": "Link"
  },
  {
   "hidden": 0,
   "is_query_report": 0,
   "label": "Case Management",
   "link_count": 2,
   "onboard": 0,
   "type": "Card Break"
  },
  {
   "hidden": 0,
   "is_query_report": 0,
   "label": "Case",
   "link_count": 0,
   "link_to": "Case",
   "link_type": "DocType",
   "onboard": 0,
   "type": "Link"
  },
  {
   "hidden": 0,
   "is_query_report": 0,
   "label": "Caveat",
   "link_count": 0,
   "link_to": "Caveat",
   "link_type": "DocType",
   "onboard": 0,
   "type": "Link"
  },
  {
   "hidden": 0,
   "is_query_report": 0,
   "label": "Quality Management",
   "link_count": 2,
   "onboard": 0,
   "type": "Card Break"
  },
  {
   "hidden": 0,
   "is_query_report": 0,
   "label": "Quality Goal",
   "link_count": 0,
   "link_to": "Quality Goal",
   "link_type": "DocType",
   "onboard": 0,
   "type": "Link"
  },
  {
   "hidden": 0,
   "is_query_report": 0,
   "label": "Quality Review",
   "link_count": 0,
   "link_to": "Quality Review",
   "link_type": "DocType",
   "onboard": 0,
   "type": "Link"
  },
  {
   "hidden": 0,
   "is_query_report": 0,
   "label": "Books and Journals",
   "link_count": 3,
   "onboard": 0,
   "type": "Card Break"
  },
  {
   "hidden": 0,
   "is_query_report": 0,
   "label": "Book",
   "link_count": 0,
   "link_to": "Book",
   "link_type": "DocType",
   "onboard": 0,
   "type": "Link"
  },
  {
   "hidden": 0,
   "is_query_report": 0,
   "label": "Book Type",
   "link_count": 0,
   "link_to": "Book Type",
   "link_type": "DocType",
   "onboard": 0,
   "type": "Link"
  },
  {
   "hidden": 0,
   "is_query_report": 0,
   "label": "Lend Book",
   "link_count": 0,
   "link_to": "Lend Book",
   "link_type": "DocType",
   "onboard": 0,
   "type": "Link"
  },
  {
   "hidden": 0,
   "is_query_report": 0,
   "label": "Operations",
   "link_count": 2,
   "onboard": 0,
   "type": "Card Break"
  },
  {
   "hidden": 0,
   "is_query_report": 0,
   "label": "Document Outward",
   "link_count": 0,
   "link_to": "Document Outward",
   "link_type": "DocType",
   "onboard": 0,
   "type": "Link"
  },
  {
   "hidden": 0,
   "is_query_report": 0,
   "label": "Legal Service",
   "link_count": 0,
   "link_to": "Legal Service",
   "link_type": "DocType",
   "onboard": 0,
   "type": "Link"
  },
  {
   "hidden": 0,
   "is_query_report": 0,
   "label": "Appointments",
   "link_count": 5,
   "onboard": 0,
   "type": "Card Break"
  },
  {
   "hidden": 0,
   "is_query_report": 0,
   "label": "Customer Appointment",
   "link_count": 0,
   "link_to": "Customer Appointment",
   "link_type": "DocType",
   "onboard": 0,
   "type": "Link"
  },
  {
   "hidden": 0,
   "is_query_report": 0,
   "label": "Lawyer Schedule",
   "link_count": 0,
   "link_to": "Lawyer Schedule",
   "link_type": "DocType",
   "onboard": 0,
   "type": "Link"
  },
  {
   "hidden": 0,
   "is_query_report": 0,
   "label": "Timesheet",
   "link_count": 0,
   "link_to": "Timesheet",
   "link_type": "DocType",
   "onboard": 0,
   "type": "Link"
  },
  {
   "hidden": 0,
   "is_query_report": 0,
   "label": "Meeting Room",
   "link_count": 0,
   "link_to": "Meeting Room",
   "link_type": "DocType",
   "onboard": 0,
   "type": "Link"
  },
  {
   "hidden": 0,
   "is_query_report": 0,
   "label": "Appointment Type",
   "link_count": 0,
   "link_to": "Appointment Type",
   "link_type": "DocType",
   "onboard": 0,
   "type": "Link"
  },
  {
   "hidden": 0,
   "is_query_report": 0,
   "label": "Masters",
   "link_count": 5,
   "onboard": 0,
   "type": "Card Break"
  },
  {
   "hidden": 0,
   "is_query_report": 0,
   "label": "Matter Type",
   "link_count": 0,
   "link_to": "Matter Type",
   "link_type": "DocType",
   "onboard": 0,
   "type": "Link"
  },
  {
   "hidden": 0,
   "is_query_report": 0,
   "label": "Service Type",
   "link_count": 0,
   "link_to": "Service Type",
   "link_type": "DocType",
   "onboard": 0,
   "type": "Link"
  },
  {
   "hidden": 0,
   "is_query_report": 0,
   "label": "File Type",
   "link_count": 0,
   "link_to": "File Type",
   "link_type": "DocType",
   "onboard": 0,
   "type": "Link"
  },
  {
   "hidden": 0,
   "is_query_report": 0,
   "label": "Service",
   "link_count": 0,
   "link_to": "Service",
   "link_type": "DocType",
   "onboard": 0,
   "type": "Link"
  },
  {
   "hidden": 0,
   "is_query_report": 0,
   "label": "Task Type",
   "link_count": 0,
   "link_to": "Task Type",
   "link_type": "DocType",
   "onboard": 0,
   "type": "Link"
  },
  {
   "hidden": 0,
   "is_query_report": 0,
   "label": "Setup",
   "link_count": 3,
   "onboard": 0,
   "type": "Card Break"
  },
  {
   "hidden": 0,
   "is_query_report": 0,
   "label": "Branch",
   "link_count": 0,
   "link_to": "Branch",
   "link_type": "DocType",
   "onboard": 0,
   "type": "Link"
  },
  {
   "hidden": 0,
   "is_query_report": 0,
   "label": "Matter Template",
   "link_count": 0,
   "link_to": "Project Template",
   "link_type": "DocType",
   "onboard": 0,
   "type": "Link"
  },
  {
   "hidden": 0,
   "is_query_report": 0,
   "label": "Case Central Settings",
   "link_count": 0,
   "link_to": "Case Central Settings",
   "link_type": "DocType",
   "onboard": 0,
   "type": "Link"
  },
  {
   "hidden": 0,
   "is_query_report": 0,
   "label": "Reports",
   "link_count": 1,
   "link_type": "DocType",
   "onboard": 0,
   "type": "Card Break"
  },
  {
   "hidden": 0,
   "is_query_report": 1,
   "label": "Case Central Metrics",
   "link_count": 0,
   "link_to": "Case Central Metrics",
   "link_type": "Report",
   "onboard": 0,
   "type": "Link"
  }
 ],
 "modified": "2024-08-25 15:49:54.034113",
 "modified_by": "Administrator",
 "module": "Case Central",
 "name": "Case Central",
 "number_cards": [],
 "owner": "Administrator",
 "parent_page": "",
 "public": 1,
 "quick_lists": [],
 "roles": [],
 "sequence_id": 2.0,
 "shortcuts": [
  {
   "color": "Grey",
   "doc_view": "List",
   "label": "Caveat",
   "link_to": "Caveat",
   "type": "DocType"
  },
  {
   "color": "Green",
   "doc_view": "List",
   "format": "{} Matters",
   "label": "Matter",
   "link_to": "Matter",
   "stats_filter": "{\"status\":[\"!=\",\"Cancelled\"]}",
   "type": "DocType"
  },
  {
   "color": "Green",
   "doc_view": "List",
   "format": "{}",
   "label": "Customer",
   "link_to": "Customer",
   "stats_filter": "{\"disabled\":[\"=\",0]}",
   "type": "DocType"
  },
  {
   "color": "Green",
   "doc_view": "List",
   "format": "{} InProgress",
   "label": "Case",
   "link_to": "Case",
   "stats_filter": "{\"status\":[\"=\",\"InProgress\"]}",
   "type": "DocType"
  },
  {
   "color": "Grey",
   "doc_view": "List",
   "label": "Dashboard",
   "link_to": "Case Central",
   "type": "Dashboard"
  },
  {
   "color": "Blue",
   "doc_view": "List",
   "format": "{} Assigned",
   "label": "Task",
   "link_to": "Task",
   "stats_filter": "",
   "type": "DocType"
  }
 ],
 "title": "Case Central"
}