{
 "aggregate_function_based_on": "",
 "creation": "2023-08-24 15:32:31.772205",
 "docstatus": 0,
 "doctype": "Number Card",
 "document_type": "Task",
 "dynamic_filters_json": "[]",
 "filters_json": "[[\"Task\",\"status\",\"=\",\"Completed\",false]]",
 "function": "Count",
 "idx": 0,
 "is_public": 1,
 "is_standard": 1,
 "label": "Task",
 "modified": "2023-09-07 15:14:14.687941",
 "modified_by": "Administrator",
 "module": "Case Central",
 "name": "Task",
 "owner": "Administrator",
 "parent_document_type": "",
 "report_function": "Sum",
 "show_percentage_stats": 1,
 "stats_time_interval": "Weekly",
 "type": "Document Type"
}