{
 "aggregate_function_based_on": "",
 "creation": "2023-01-07 12:19:14.875962",
 "docstatus": 0,
 "doctype": "Number Card",
 "document_type": "Matter",
 "dynamic_filters_json": "[]",
 "filters_json": "[[\"Matter\",\"status\",\"!=\",\"Cancelled\",false]]",
 "function": "Count",
 "idx": 0,
 "is_public": 0,
 "is_standard": 1,
 "label": "Matter",
 "modified": "2023-01-07 12:19:14.875962",
 "modified_by": "Administrator",
 "module": "Case Central",
 "name": "Matter",
 "owner": "Administrator",
 "parent_document_type": "",
 "report_function": "Sum",
 "show_percentage_stats": 1,
 "stats_time_interval": "Monthly",
 "type": "Document Type"
}