{
 "actions": [],
 "allow_rename": 1,
 "creation": "2024-07-10 23:57:33.308554",
 "doctype": "DocType",
 "editable_grid": 1,
 "engine": "InnoDB",
 "field_order": [
  "witness_no",
  "witness_name"
 ],
 "fields": [
  {
   "columns": 2,
   "fieldname": "witness_no",
   "fieldtype": "Data",
   "in_list_view": 1,
   "label": "Witness No."
  },
  {
   "columns": 8,
   "fieldname": "witness_name",
   "fieldtype": "Data",
   "in_list_view": 1,
   "label": "Witness Name"
  }
 ],
 "index_web_pages_for_search": 1,
 "istable": 1,
 "links": [],
 "modified": "2024-07-11 00:05:53.280536",
 "modified_by": "Administrator",
 "module": "Case Central",
 "name": "Witness Examined",
 "owner": "Administrator",
 "permissions": [],
 "sort_field": "modified",
 "sort_order": "DESC",
 "states": []
}