{
 "based_on": "",
 "chart_name": "Matter Summary",
 "chart_type": "Group By",
 "color": "",
 "creation": "2023-01-06 17:40:59.917110",
 "custom_options": "",
 "docstatus": 0,
 "doctype": "Dashboard Chart",
 "document_type": "Matter",
 "dynamic_filters_json": "[]",
 "filters_json": "[]",
 "group_by_based_on": "status",
 "group_by_type": "Count",
 "idx": 0,
 "is_public": 1,
 "is_standard": 1,
 "last_synced_on": "2023-01-10 12:06:35.181235",
 "modified": "2023-01-10 12:08:26.732561",
 "modified_by": "Administrator",
 "module": "Case Central",
 "name": "Matter Summary",
 "number_of_groups": 0,
 "owner": "Administrator",
 "parent_document_type": "",
 "roles": [],
 "source": "",
 "time_interval": "Yearly",
 "timeseries": 0,
 "timespan": "Last Year",
 "type": "Donut",
 "use_report_chart": 0,
 "value_based_on": "",
 "y_axis": []
}