{
 "actions": [],
 "allow_rename": 1,
 "creation": "2023-04-25 15:40:31.868040",
 "default_view": "List",
 "doctype": "DocType",
 "editable_grid": 1,
 "engine": "InnoDB",
 "field_order": [
  "day",
  "from_time",
  "to_time"
 ],
 "fields": [
  {
   "fieldname": "day",
   "fieldtype": "Select",
   "in_list_view": 1,
   "label": "Day",
   "options": "Sunday\nMonday\nTuesday\nWednesday\nThursday\nFriday\nSaturday",
   "reqd": 1
  },
  {
   "fieldname": "from_time",
   "fieldtype": "Time",
   "in_list_view": 1,
   "label": "From Time",
   "reqd": 1
  },
  {
   "fieldname": "to_time",
   "fieldtype": "Time",
   "in_list_view": 1,
   "label": "To Time",
   "reqd": 1
  }
 ],
 "index_web_pages_for_search": 1,
 "istable": 1,
 "links": [],
 "modified": "2023-04-25 15:40:31.868040",
 "modified_by": "Administrator",
 "module": "Case Central",
 "name": "Lawyer Schedule Time Slot",
 "owner": "Administrator",
 "permissions": [],
 "sort_field": "modified",
 "sort_order": "DESC",
 "states": []
}