{
 "actions": [],
 "allow_rename": 1,
 "creation": "2024-07-10 23:35:47.382958",
 "doctype": "DocType",
 "editable_grid": 1,
 "engine": "InnoDB",
 "field_order": [
  "ia_no",
  "applied_date",
  "details",
  "party_applying",
  "result",
  "decision_date"
 ],
 "fields": [
  {
   "columns": 1,
   "fieldname": "ia_no",
   "fieldtype": "Data",
   "in_list_view": 1,
   "label": "IA No."
  },
  {
   "columns": 1,
   "fieldname": "applied_date",
   "fieldtype": "Date",
   "in_list_view": 1,
   "label": "Applied Date"
  },
  {
   "fieldname": "details",
   "fieldtype": "Data",
   "in_list_view": 1,
   "label": "Details"
  },
  {
   "fieldname": "party_applying",
   "fieldtype": "Data",
   "in_list_view": 1,
   "label": "Party Applying"
  },
  {
   "fieldname": "result",
   "fieldtype": "Data",
   "in_list_view": 1,
   "label": "Result"
  },
  {
   "columns": 1,
   "fieldname": "decision_date",
   "fieldtype": "Date",
   "in_list_view": 1,
   "label": "Decision Date"
  }
 ],
 "index_web_pages_for_search": 1,
 "istable": 1,
 "links": [],
 "modified": "2024-07-10 23:39:13.916126",
 "modified_by": "Administrator",
 "module": "Case Central",
 "name": "Interim Applications",
 "owner": "Administrator",
 "permissions": [],
 "sort_field": "modified",
 "sort_order": "DESC",
 "states": []
}