{
 "actions": [],
 "allow_rename": 1,
 "creation": "2023-02-09 21:15:44.777247",
 "doctype": "DocType",
 "editable_grid": 1,
 "engine": "InnoDB",
 "field_order": [
  "legal_service",
  "description",
  "rate"
 ],
 "fields": [
  {
   "fieldname": "legal_service",
   "fieldtype": "Link",
   "in_list_view": 1,
   "label": "Legal Service",
   "options": "Legal Service"
  },
  {
   "fetch_from": "legal_service.rate",
   "fetch_if_empty": 1,
   "fieldname": "rate",
   "fieldtype": "Data",
   "in_list_view": 1,
   "label": "Rate"
  },
  {
   "fetch_from": "legal_service.description",
   "fieldname": "description",
   "fieldtype": "Read Only",
   "in_list_view": 1,
   "label": "Description"
  }
 ],
 "index_web_pages_for_search": 1,
 "istable": 1,
 "links": [],
 "modified": "2023-02-10 21:06:24.769970",
 "modified_by": "Administrator",
 "module": "Case Central",
 "name": "Legal Service Rate",
 "owner": "Administrator",
 "permissions": [],
 "sort_field": "modified",
 "sort_order": "DESC",
 "states": []
}