{
 "chart_name": "Case Clearance Rate",
 "chart_type": "Report",
 "creation": "2024-08-24 17:43:19.930888",
 "custom_options": "{\"type\": \"bar\", \"options\": {\"responsive\": true, \"scales\": {\"x\": {\"stacked\": true}, \"y\": {\"beginAtZero\": true}}}, \"axisOptions\": {\"shortenYAxisNumbers\": 1}, \"height\": 280}",
 "docstatus": 0,
 "doctype": "Dashboard Chart",
 "filters_json": "{\"company\":\"Case Central\",\"report\":\"Case\",\"filter_based_on\":\"Fiscal Year\",\"periodicity\":\"Monthly\",\"period_start_date\":\"2024-04-01\",\"period_end_date\":\"2025-03-31\",\"from_fiscal_year\":\"2024-2025\",\"to_fiscal_year\":\"2024-2025\"}",
 "group_by_type": "Count",
 "idx": 0,
 "is_public": 0,
 "is_standard": 1,
 "modified": "2024-08-24 17:43:20.001496",
 "modified_by": "Administrator",
 "module": "Case Central",
 "name": "Case Clearance Rate",
 "number_of_groups": 0,
 "owner": "Administrator",
 "report_name": "Case Central Metrics",
 "roles": [],
 "time_interval": "Yearly",
 "timeseries": 0,
 "timespan": "Last Year",
 "type": "Bar",
 "use_report_chart": 1,
 "y_axis": []
}